
<annotation>
    <folder>images</folder>
    <filename>chess56.png</filename>
    <size>
        <width>400</width>
        <height>225</height>
        <depth>3</depth>
    </size>
    <segmented>0</segmented>
    <object>
        <name>white-rook</name>
        <pose>Unspecified</pose>
        <truncated>0</truncated>
        <occluded>0</occluded>
        <difficult>0</difficult>
        <bndbox>
            <xmin>133</xmin>
            <ymin>112</ymin>
            <xmax>157</xmax>
            <ymax>138</ymax>
        </bndbox>
    </object>
</annotation>