
<annotation>
    <folder>images</folder>
    <filename>chess80.png</filename>
    <size>
        <width>400</width>
        <height>225</height>
        <depth>3</depth>
    </size>
    <segmented>0</segmented>
    <object>
        <name>white-rook</name>
        <pose>Unspecified</pose>
        <truncated>0</truncated>
        <occluded>0</occluded>
        <difficult>0</difficult>
        <bndbox>
            <xmin>243</xmin>
            <ymin>114</ymin>
            <xmax>301</xmax>
            <ymax>183</ymax>
        </bndbox>
    </object>
    <object>
        <name>black-queen</name>
        <pose>Unspecified</pose>
        <truncated>0</truncated>
        <occluded>0</occluded>
        <difficult>0</difficult>
        <bndbox>
            <xmin>7</xmin>
            <ymin>66</ymin>
            <xmax>100</xmax>
            <ymax>159</ymax>
        </bndbox>
    </object>
    <object>
        <name>black-bishop</name>
        <pose>Unspecified</pose>
        <truncated>0</truncated>
        <occluded>0</occluded>
        <difficult>0</difficult>
        <bndbox>
            <xmin>48</xmin>
            <ymin>9</ymin>
            <xmax>103</xmax>
            <ymax>86</ymax>
        </bndbox>
    </object>
</annotation>