
<annotation>
    <folder>images</folder>
    <filename>chess31.png</filename>
    <size>
        <width>400</width>
        <height>225</height>
        <depth>3</depth>
    </size>
    <segmented>0</segmented>
    <object>
        <name>black-pawn</name>
        <pose>Unspecified</pose>
        <truncated>0</truncated>
        <occluded>0</occluded>
        <difficult>0</difficult>
        <bndbox>
            <xmin>21</xmin>
            <ymin>101</ymin>
            <xmax>61</xmax>
            <ymax>131</ymax>
        </bndbox>
    </object>
    <object>
        <name>black-pawn</name>
        <pose>Unspecified</pose>
        <truncated>0</truncated>
        <occluded>0</occluded>
        <difficult>0</difficult>
        <bndbox>
            <xmin>82</xmin>
            <ymin>68</ymin>
            <xmax>114</xmax>
            <ymax>100</ymax>
        </bndbox>
    </object>
    <object>
        <name>black-pawn</name>
        <pose>Unspecified</pose>
        <truncated>0</truncated>
        <occluded>0</occluded>
        <difficult>0</difficult>
        <bndbox>
            <xmin>119</xmin>
            <ymin>110</ymin>
            <xmax>149</xmax>
            <ymax>141</ymax>
        </bndbox>
    </object>
    <object>
        <name>black-pawn</name>
        <pose>Unspecified</pose>
        <truncated>0</truncated>
        <occluded>0</occluded>
        <difficult>0</difficult>
        <bndbox>
            <xmin>165</xmin>
            <ymin>66</ymin>
            <xmax>190</xmax>
            <ymax>100</ymax>
        </bndbox>
    </object>
    <object>
        <name>black-pawn</name>
        <pose>Unspecified</pose>
        <truncated>0</truncated>
        <occluded>0</occluded>
        <difficult>0</difficult>
        <bndbox>
            <xmin>216</xmin>
            <ymin>107</ymin>
            <xmax>242</xmax>
            <ymax>138</ymax>
        </bndbox>
    </object>
    <object>
        <name>black-pawn</name>
        <pose>Unspecified</pose>
        <truncated>0</truncated>
        <occluded>0</occluded>
        <difficult>0</difficult>
        <bndbox>
            <xmin>255</xmin>
            <ymin>63</ymin>
            <xmax>283</xmax>
            <ymax>97</ymax>
        </bndbox>
    </object>
    <object>
        <name>black-pawn</name>
        <pose>Unspecified</pose>
        <truncated>0</truncated>
        <occluded>0</occluded>
        <difficult>0</difficult>
        <bndbox>
            <xmin>306</xmin>
            <ymin>105</ymin>
            <xmax>342</xmax>
            <ymax>136</ymax>
        </bndbox>
    </object>
    <object>
        <name>black-pawn</name>
        <pose>Unspecified</pose>
        <truncated>0</truncated>
        <occluded>0</occluded>
        <difficult>0</difficult>
        <bndbox>
            <xmin>345</xmin>
            <ymin>69</ymin>
            <xmax>384</xmax>
            <ymax>102</ymax>
        </bndbox>
    </object>
    <object>
        <name>white-pawn</name>
        <pose>Unspecified</pose>
        <truncated>0</truncated>
        <occluded>0</occluded>
        <difficult>0</difficult>
        <bndbox>
            <xmin>345</xmin>
            <ymin>113</ymin>
            <xmax>387</xmax>
            <ymax>144</ymax>
        </bndbox>
    </object>
    <object>
        <name>white-pawn</name>
        <pose>Unspecified</pose>
        <truncated>0</truncated>
        <occluded>0</occluded>
        <difficult>0</difficult>
        <bndbox>
            <xmin>301</xmin>
            <ymin>59</ymin>
            <xmax>335</xmax>
            <ymax>93</ymax>
        </bndbox>
    </object>
    <object>
        <name>white-pawn</name>
        <pose>Unspecified</pose>
        <truncated>0</truncated>
        <occluded>0</occluded>
        <difficult>0</difficult>
        <bndbox>
            <xmin>256</xmin>
            <ymin>107</ymin>
            <xmax>285</xmax>
            <ymax>138</ymax>
        </bndbox>
    </object>
    <object>
        <name>white-pawn</name>
        <pose>Unspecified</pose>
        <truncated>0</truncated>
        <occluded>0</occluded>
        <difficult>0</difficult>
        <bndbox>
            <xmin>218</xmin>
            <ymin>66</ymin>
            <xmax>244</xmax>
            <ymax>100</ymax>
        </bndbox>
    </object>
    <object>
        <name>white-pawn</name>
        <pose>Unspecified</pose>
        <truncated>0</truncated>
        <occluded>0</occluded>
        <difficult>0</difficult>
        <bndbox>
            <xmin>163</xmin>
            <ymin>112</ymin>
            <xmax>189</xmax>
            <ymax>143</ymax>
        </bndbox>
    </object>
    <object>
        <name>white-pawn</name>
        <pose>Unspecified</pose>
        <truncated>0</truncated>
        <occluded>0</occluded>
        <difficult>0</difficult>
        <bndbox>
            <xmin>132</xmin>
            <ymin>55</ymin>
            <xmax>160</xmax>
            <ymax>90</ymax>
        </bndbox>
    </object>
    <object>
        <name>white-pawn</name>
        <pose>Unspecified</pose>
        <truncated>0</truncated>
        <occluded>0</occluded>
        <difficult>0</difficult>
        <bndbox>
            <xmin>65</xmin>
            <ymin>116</ymin>
            <xmax>102</xmax>
            <ymax>145</ymax>
        </bndbox>
    </object>
    <object>
        <name>white-pawn</name>
        <pose>Unspecified</pose>
        <truncated>0</truncated>
        <occluded>0</occluded>
        <difficult>0</difficult>
        <bndbox>
            <xmin>29</xmin>
            <ymin>65</ymin>
            <xmax>67</xmax>
            <ymax>97</ymax>
        </bndbox>
    </object>
</annotation>