
<annotation>
    <folder>images</folder>
    <filename>chess5.png</filename>
    <size>
        <width>400</width>
        <height>225</height>
        <depth>3</depth>
    </size>
    <segmented>0</segmented>
    <object>
        <name>white-knight</name>
        <pose>Unspecified</pose>
        <truncated>0</truncated>
        <occluded>0</occluded>
        <difficult>0</difficult>
        <bndbox>
            <xmin>113</xmin>
            <ymin>154</ymin>
            <xmax>170</xmax>
            <ymax>207</ymax>
        </bndbox>
    </object>
    <object>
        <name>white-queen</name>
        <pose>Unspecified</pose>
        <truncated>0</truncated>
        <occluded>0</occluded>
        <difficult>0</difficult>
        <bndbox>
            <xmin>92</xmin>
            <ymin>79</ymin>
            <xmax>161</xmax>
            <ymax>151</ymax>
        </bndbox>
    </object>
    <object>
        <name>black-rook</name>
        <pose>Unspecified</pose>
        <truncated>0</truncated>
        <occluded>0</occluded>
        <difficult>0</difficult>
        <bndbox>
            <xmin>181</xmin>
            <ymin>48</ymin>
            <xmax>223</xmax>
            <ymax>105</ymax>
        </bndbox>
    </object>
    <object>
        <name>black-pawn</name>
        <pose>Unspecified</pose>
        <truncated>0</truncated>
        <occluded>0</occluded>
        <difficult>0</difficult>
        <bndbox>
            <xmin>187</xmin>
            <ymin>7</ymin>
            <xmax>215</xmax>
            <ymax>50</ymax>
        </bndbox>
    </object>
    <object>
        <name>black-pawn</name>
        <pose>Unspecified</pose>
        <truncated>0</truncated>
        <occluded>0</occluded>
        <difficult>0</difficult>
        <bndbox>
            <xmin>296</xmin>
            <ymin>96</ymin>
            <xmax>336</xmax>
            <ymax>140</ymax>
        </bndbox>
    </object>
    <object>
        <name>white-pawn</name>
        <pose>Unspecified</pose>
        <truncated>0</truncated>
        <occluded>0</occluded>
        <difficult>0</difficult>
        <bndbox>
            <xmin>246</xmin>
            <ymin>16</ymin>
            <xmax>276</xmax>
            <ymax>63</ymax>
        </bndbox>
    </object>
    <object>
        <name>white-pawn</name>
        <pose>Unspecified</pose>
        <truncated>0</truncated>
        <occluded>0</occluded>
        <difficult>0</difficult>
        <bndbox>
            <xmin>295</xmin>
            <ymin>50</ymin>
            <xmax>332</xmax>
            <ymax>97</ymax>
        </bndbox>
    </object>
    <object>
        <name>white-king</name>
        <pose>Unspecified</pose>
        <truncated>0</truncated>
        <occluded>0</occluded>
        <difficult>0</difficult>
        <bndbox>
            <xmin>227</xmin>
            <ymin>83</ymin>
            <xmax>275</xmax>
            <ymax>164</ymax>
        </bndbox>
    </object>
    <object>
        <name>white-pawn</name>
        <pose>Unspecified</pose>
        <truncated>0</truncated>
        <occluded>0</occluded>
        <difficult>0</difficult>
        <bndbox>
            <xmin>299</xmin>
            <ymin>170</ymin>
            <xmax>346</xmax>
            <ymax>211</ymax>
        </bndbox>
    </object>
</annotation>