
<annotation>
    <folder>images</folder>
    <filename>chess66.png</filename>
    <size>
        <width>400</width>
        <height>225</height>
        <depth>3</depth>
    </size>
    <segmented>0</segmented>
    <object>
        <name>black-pawn</name>
        <pose>Unspecified</pose>
        <truncated>0</truncated>
        <occluded>0</occluded>
        <difficult>0</difficult>
        <bndbox>
            <xmin>205</xmin>
            <ymin>95</ymin>
            <xmax>230</xmax>
            <ymax>126</ymax>
        </bndbox>
    </object>
    <object>
        <name>black-pawn</name>
        <pose>Unspecified</pose>
        <truncated>0</truncated>
        <occluded>0</occluded>
        <difficult>0</difficult>
        <bndbox>
            <xmin>170</xmin>
            <ymin>11</ymin>
            <xmax>192</xmax>
            <ymax>45</ymax>
        </bndbox>
    </object>
    <object>
        <name>white-pawn</name>
        <pose>Unspecified</pose>
        <truncated>0</truncated>
        <occluded>0</occluded>
        <difficult>0</difficult>
        <bndbox>
            <xmin>213</xmin>
            <ymin>48</ymin>
            <xmax>237</xmax>
            <ymax>81</ymax>
        </bndbox>
    </object>
    <object>
        <name>white-knight</name>
        <pose>Unspecified</pose>
        <truncated>0</truncated>
        <occluded>0</occluded>
        <difficult>0</difficult>
        <bndbox>
            <xmin>332</xmin>
            <ymin>126</ymin>
            <xmax>385</xmax>
            <ymax>167</ymax>
        </bndbox>
    </object>
    <object>
        <name>black-king</name>
        <pose>Unspecified</pose>
        <truncated>0</truncated>
        <occluded>0</occluded>
        <difficult>0</difficult>
        <bndbox>
            <xmin>245</xmin>
            <ymin>20</ymin>
            <xmax>286</xmax>
            <ymax>85</ymax>
        </bndbox>
    </object>
    <object>
        <name>black-knight</name>
        <pose>Unspecified</pose>
        <truncated>0</truncated>
        <occluded>0</occluded>
        <difficult>0</difficult>
        <bndbox>
            <xmin>71</xmin>
            <ymin>78</ymin>
            <xmax>112</xmax>
            <ymax>121</ymax>
        </bndbox>
    </object>
    <object>
        <name>black-rook</name>
        <pose>Unspecified</pose>
        <truncated>0</truncated>
        <occluded>0</occluded>
        <difficult>0</difficult>
        <bndbox>
            <xmin>89</xmin>
            <ymin>7</ymin>
            <xmax>124</xmax>
            <ymax>50</ymax>
        </bndbox>
    </object>
    <object>
        <name>white-bishop</name>
        <pose>Unspecified</pose>
        <truncated>0</truncated>
        <occluded>0</occluded>
        <difficult>0</difficult>
        <bndbox>
            <xmin>32</xmin>
            <ymin>35</ymin>
            <xmax>77</xmax>
            <ymax>79</ymax>
        </bndbox>
    </object>
</annotation>