
<annotation>
    <folder>images</folder>
    <filename>chess42.png</filename>
    <size>
        <width>400</width>
        <height>225</height>
        <depth>3</depth>
    </size>
    <segmented>0</segmented>
    <object>
        <name>white-bishop</name>
        <pose>Unspecified</pose>
        <truncated>0</truncated>
        <occluded>0</occluded>
        <difficult>0</difficult>
        <bndbox>
            <xmin>152</xmin>
            <ymin>80</ymin>
            <xmax>197</xmax>
            <ymax>148</ymax>
        </bndbox>
    </object>
</annotation>