
<annotation>
    <folder>images</folder>
    <filename>chess18.png</filename>
    <size>
        <width>400</width>
        <height>225</height>
        <depth>3</depth>
    </size>
    <segmented>0</segmented>
    <object>
        <name>white-queen</name>
        <pose>Unspecified</pose>
        <truncated>0</truncated>
        <occluded>0</occluded>
        <difficult>0</difficult>
        <bndbox>
            <xmin>165</xmin>
            <ymin>56</ymin>
            <xmax>209</xmax>
            <ymax>135</ymax>
        </bndbox>
    </object>
</annotation>