
<annotation>
    <folder>images</folder>
    <filename>chess37.png</filename>
    <size>
        <width>400</width>
        <height>225</height>
        <depth>3</depth>
    </size>
    <segmented>0</segmented>
    <object>
        <name>black-rook</name>
        <pose>Unspecified</pose>
        <truncated>0</truncated>
        <occluded>0</occluded>
        <difficult>0</difficult>
        <bndbox>
            <xmin>118</xmin>
            <ymin>136</ymin>
            <xmax>143</xmax>
            <ymax>158</ymax>
        </bndbox>
    </object>
    <object>
        <name>white-rook</name>
        <pose>Unspecified</pose>
        <truncated>0</truncated>
        <occluded>0</occluded>
        <difficult>0</difficult>
        <bndbox>
            <xmin>121</xmin>
            <ymin>110</ymin>
            <xmax>145</xmax>
            <ymax>132</ymax>
        </bndbox>
    </object>
    <object>
        <name>black-bishop</name>
        <pose>Unspecified</pose>
        <truncated>0</truncated>
        <occluded>0</occluded>
        <difficult>0</difficult>
        <bndbox>
            <xmin>148</xmin>
            <ymin>140</ymin>
            <xmax>169</xmax>
            <ymax>160</ymax>
        </bndbox>
    </object>
    <object>
        <name>black-pawn</name>
        <pose>Unspecified</pose>
        <truncated>0</truncated>
        <occluded>0</occluded>
        <difficult>0</difficult>
        <bndbox>
            <xmin>162</xmin>
            <ymin>14</ymin>
            <xmax>177</xmax>
            <ymax>35</ymax>
        </bndbox>
    </object>
    <object>
        <name>white-pawn</name>
        <pose>Unspecified</pose>
        <truncated>0</truncated>
        <occluded>0</occluded>
        <difficult>0</difficult>
        <bndbox>
            <xmin>208</xmin>
            <ymin>38</ymin>
            <xmax>223</xmax>
            <ymax>59</ymax>
        </bndbox>
    </object>
    <object>
        <name>white-pawn</name>
        <pose>Unspecified</pose>
        <truncated>0</truncated>
        <occluded>0</occluded>
        <difficult>0</difficult>
        <bndbox>
            <xmin>233</xmin>
            <ymin>17</ymin>
            <xmax>248</xmax>
            <ymax>39</ymax>
        </bndbox>
    </object>
    <object>
        <name>black-pawn</name>
        <pose>Unspecified</pose>
        <truncated>0</truncated>
        <occluded>0</occluded>
        <difficult>0</difficult>
        <bndbox>
            <xmin>263</xmin>
            <ymin>37</ymin>
            <xmax>279</xmax>
            <ymax>57</ymax>
        </bndbox>
    </object>
    <object>
        <name>white-king</name>
        <pose>Unspecified</pose>
        <truncated>0</truncated>
        <occluded>0</occluded>
        <difficult>0</difficult>
        <bndbox>
            <xmin>185</xmin>
            <ymin>76</ymin>
            <xmax>205</xmax>
            <ymax>108</ymax>
        </bndbox>
    </object>
    <object>
        <name>black-queen</name>
        <pose>Unspecified</pose>
        <truncated>0</truncated>
        <occluded>0</occluded>
        <difficult>0</difficult>
        <bndbox>
            <xmin>211</xmin>
            <ymin>80</ymin>
            <xmax>232</xmax>
            <ymax>111</ymax>
        </bndbox>
    </object>
    <object>
        <name>white-queen</name>
        <pose>Unspecified</pose>
        <truncated>0</truncated>
        <occluded>0</occluded>
        <difficult>0</difficult>
        <bndbox>
            <xmin>265</xmin>
            <ymin>80</ymin>
            <xmax>292</xmax>
            <ymax>110</ymax>
        </bndbox>
    </object>
    <object>
        <name>black-rook</name>
        <pose>Unspecified</pose>
        <truncated>0</truncated>
        <occluded>0</occluded>
        <difficult>0</difficult>
        <bndbox>
            <xmin>263</xmin>
            <ymin>113</ymin>
            <xmax>286</xmax>
            <ymax>136</ymax>
        </bndbox>
    </object>
    <object>
        <name>white-bishop</name>
        <pose>Unspecified</pose>
        <truncated>0</truncated>
        <occluded>0</occluded>
        <difficult>0</difficult>
        <bndbox>
            <xmin>234</xmin>
            <ymin>139</ymin>
            <xmax>254</xmax>
            <ymax>159</ymax>
        </bndbox>
    </object>
    <object>
        <name>white-knight</name>
        <pose>Unspecified</pose>
        <truncated>0</truncated>
        <occluded>0</occluded>
        <difficult>0</difficult>
        <bndbox>
            <xmin>210</xmin>
            <ymin>138</ymin>
            <xmax>231</xmax>
            <ymax>159</ymax>
        </bndbox>
    </object>
    <object>
        <name>black-knight</name>
        <pose>Unspecified</pose>
        <truncated>0</truncated>
        <occluded>0</occluded>
        <difficult>0</difficult>
        <bndbox>
            <xmin>205</xmin>
            <ymin>170</ymin>
            <xmax>225</xmax>
            <ymax>191</ymax>
        </bndbox>
    </object>
    <object>
        <name>black-bishop</name>
        <pose>Unspecified</pose>
        <truncated>0</truncated>
        <occluded>0</occluded>
        <difficult>0</difficult>
        <bndbox>
            <xmin>238</xmin>
            <ymin>166</ymin>
            <xmax>260</xmax>
            <ymax>187</ymax>
        </bndbox>
    </object>
    <object>
        <name>black-king</name>
        <pose>Unspecified</pose>
        <truncated>0</truncated>
        <occluded>0</occluded>
        <difficult>0</difficult>
        <bndbox>
            <xmin>264</xmin>
            <ymin>167</ymin>
            <xmax>293</xmax>
            <ymax>190</ymax>
        </bndbox>
    </object>
</annotation>