
<annotation>
    <folder>images</folder>
    <filename>chess55.png</filename>
    <size>
        <width>400</width>
        <height>225</height>
        <depth>3</depth>
    </size>
    <segmented>0</segmented>
    <object>
        <name>white-knight</name>
        <pose>Unspecified</pose>
        <truncated>0</truncated>
        <occluded>0</occluded>
        <difficult>0</difficult>
        <bndbox>
            <xmin>180</xmin>
            <ymin>89</ymin>
            <xmax>217</xmax>
            <ymax>129</ymax>
        </bndbox>
    </object>
</annotation>