
<annotation>
    <folder>images</folder>
    <filename>chess9.png</filename>
    <size>
        <width>400</width>
        <height>225</height>
        <depth>3</depth>
    </size>
    <segmented>0</segmented>
    <object>
        <name>black-rook</name>
        <pose>Unspecified</pose>
        <truncated>0</truncated>
        <occluded>0</occluded>
        <difficult>0</difficult>
        <bndbox>
            <xmin>174</xmin>
            <ymin>15</ymin>
            <xmax>243</xmax>
            <ymax>128</ymax>
        </bndbox>
    </object>
</annotation>