
<annotation>
    <folder>images</folder>
    <filename>chess24.png</filename>
    <size>
        <width>400</width>
        <height>225</height>
        <depth>3</depth>
    </size>
    <segmented>0</segmented>
    <object>
        <name>black-knight</name>
        <pose>Unspecified</pose>
        <truncated>0</truncated>
        <occluded>0</occluded>
        <difficult>0</difficult>
        <bndbox>
            <xmin>87</xmin>
            <ymin>25</ymin>
            <xmax>190</xmax>
            <ymax>180</ymax>
        </bndbox>
    </object>
    <object>
        <name>white-knight</name>
        <pose>Unspecified</pose>
        <truncated>0</truncated>
        <occluded>0</occluded>
        <difficult>0</difficult>
        <bndbox>
            <xmin>215</xmin>
            <ymin>15</ymin>
            <xmax>311</xmax>
            <ymax>167</ymax>
        </bndbox>
    </object>
</annotation>