
<annotation>
    <folder>images</folder>
    <filename>chess32.png</filename>
    <size>
        <width>400</width>
        <height>225</height>
        <depth>3</depth>
    </size>
    <segmented>0</segmented>
    <object>
        <name>white-king</name>
        <pose>Unspecified</pose>
        <truncated>0</truncated>
        <occluded>0</occluded>
        <difficult>0</difficult>
        <bndbox>
            <xmin>176</xmin>
            <ymin>33</ymin>
            <xmax>222</xmax>
            <ymax>128</ymax>
        </bndbox>
    </object>
</annotation>