
<annotation>
    <folder>images</folder>
    <filename>chess53.png</filename>
    <size>
        <width>400</width>
        <height>225</height>
        <depth>3</depth>
    </size>
    <segmented>0</segmented>
    <object>
        <name>white-rook</name>
        <pose>Unspecified</pose>
        <truncated>0</truncated>
        <occluded>0</occluded>
        <difficult>0</difficult>
        <bndbox>
            <xmin>80</xmin>
            <ymin>13</ymin>
            <xmax>138</xmax>
            <ymax>81</ymax>
        </bndbox>
    </object>
    <object>
        <name>white-knight</name>
        <pose>Unspecified</pose>
        <truncated>0</truncated>
        <occluded>0</occluded>
        <difficult>0</difficult>
        <bndbox>
            <xmin>100</xmin>
            <ymin>146</ymin>
            <xmax>171</xmax>
            <ymax>206</ymax>
        </bndbox>
    </object>
    <object>
        <name>black-pawn</name>
        <pose>Unspecified</pose>
        <truncated>0</truncated>
        <occluded>0</occluded>
        <difficult>0</difficult>
        <bndbox>
            <xmin>216</xmin>
            <ymin>32</ymin>
            <xmax>251</xmax>
            <ymax>87</ymax>
        </bndbox>
    </object>
    <object>
        <name>black-knight</name>
        <pose>Unspecified</pose>
        <truncated>0</truncated>
        <occluded>0</occluded>
        <difficult>0</difficult>
        <bndbox>
            <xmin>263</xmin>
            <ymin>87</ymin>
            <xmax>330</xmax>
            <ymax>161</ymax>
        </bndbox>
    </object>
    <object>
        <name>white-pawn</name>
        <pose>Unspecified</pose>
        <truncated>0</truncated>
        <occluded>0</occluded>
        <difficult>0</difficult>
        <bndbox>
            <xmin>333</xmin>
            <ymin>111</ymin>
            <xmax>395</xmax>
            <ymax>163</ymax>
        </bndbox>
    </object>
</annotation>