
<annotation>
    <folder>images</folder>
    <filename>chess51.png</filename>
    <size>
        <width>400</width>
        <height>225</height>
        <depth>3</depth>
    </size>
    <segmented>0</segmented>
    <object>
        <name>white-knight</name>
        <pose>Unspecified</pose>
        <truncated>0</truncated>
        <occluded>0</occluded>
        <difficult>0</difficult>
        <bndbox>
            <xmin>96</xmin>
            <ymin>134</ymin>
            <xmax>136</xmax>
            <ymax>166</ymax>
        </bndbox>
    </object>
    <object>
        <name>white-queen</name>
        <pose>Unspecified</pose>
        <truncated>0</truncated>
        <occluded>0</occluded>
        <difficult>0</difficult>
        <bndbox>
            <xmin>142</xmin>
            <ymin>39</ymin>
            <xmax>177</xmax>
            <ymax>86</ymax>
        </bndbox>
    </object>
    <object>
        <name>black-rook</name>
        <pose>Unspecified</pose>
        <truncated>0</truncated>
        <occluded>0</occluded>
        <difficult>0</difficult>
        <bndbox>
            <xmin>146</xmin>
            <ymin>88</ymin>
            <xmax>177</xmax>
            <ymax>124</ymax>
        </bndbox>
    </object>
    <object>
        <name>black-bishop</name>
        <pose>Unspecified</pose>
        <truncated>0</truncated>
        <occluded>0</occluded>
        <difficult>0</difficult>
        <bndbox>
            <xmin>133</xmin>
            <ymin>181</ymin>
            <xmax>164</xmax>
            <ymax>211</ymax>
        </bndbox>
    </object>
    <object>
        <name>white-king</name>
        <pose>Unspecified</pose>
        <truncated>0</truncated>
        <occluded>0</occluded>
        <difficult>0</difficult>
        <bndbox>
            <xmin>185</xmin>
            <ymin>129</ymin>
            <xmax>216</xmax>
            <ymax>168</ymax>
        </bndbox>
    </object>
    <object>
        <name>white-knight</name>
        <pose>Unspecified</pose>
        <truncated>0</truncated>
        <occluded>0</occluded>
        <difficult>0</difficult>
        <bndbox>
            <xmin>226</xmin>
            <ymin>178</ymin>
            <xmax>259</xmax>
            <ymax>207</ymax>
        </bndbox>
    </object>
    <object>
        <name>black-queen</name>
        <pose>Unspecified</pose>
        <truncated>0</truncated>
        <occluded>0</occluded>
        <difficult>0</difficult>
        <bndbox>
            <xmin>300</xmin>
            <ymin>123</ymin>
            <xmax>353</xmax>
            <ymax>163</ymax>
        </bndbox>
    </object>
    <object>
        <name>white-rook</name>
        <pose>Unspecified</pose>
        <truncated>0</truncated>
        <occluded>0</occluded>
        <difficult>0</difficult>
        <bndbox>
            <xmin>260</xmin>
            <ymin>93</ymin>
            <xmax>294</xmax>
            <ymax>129</ymax>
        </bndbox>
    </object>
    <object>
        <name>black-king</name>
        <pose>Unspecified</pose>
        <truncated>0</truncated>
        <occluded>0</occluded>
        <difficult>0</difficult>
        <bndbox>
            <xmin>258</xmin>
            <ymin>36</ymin>
            <xmax>296</xmax>
            <ymax>91</ymax>
        </bndbox>
    </object>
    <object>
        <name>white-bishop</name>
        <pose>Unspecified</pose>
        <truncated>0</truncated>
        <occluded>0</occluded>
        <difficult>0</difficult>
        <bndbox>
            <xmin>301</xmin>
            <ymin>16</ymin>
            <xmax>336</xmax>
            <ymax>58</ymax>
        </bndbox>
    </object>
</annotation>