
<annotation>
    <folder>images</folder>
    <filename>chess36.png</filename>
    <size>
        <width>400</width>
        <height>225</height>
        <depth>3</depth>
    </size>
    <segmented>0</segmented>
    <object>
        <name>white-knight</name>
        <pose>Unspecified</pose>
        <truncated>0</truncated>
        <occluded>0</occluded>
        <difficult>0</difficult>
        <bndbox>
            <xmin>159</xmin>
            <ymin>142</ymin>
            <xmax>181</xmax>
            <ymax>165</ymax>
        </bndbox>
    </object>
</annotation>